"","landmark_time","endpoint","model","model_type","vcov_multiplier","N","d_alpha","d_beta","d_alphabeta","rho_trial","residual_var","CI_lower_bs","CI_upper_bs","CI_lower_bs_residual_var","CI_upper_bs_residual_var","CI_lower_sandwich","CI_upper_sandwich","rho_se"
"1",30.4375,"CVMB_DTH","cox","base",0.1,5,1.54296706804275e-05,0.000158668330085209,4.19387770888447e-05,0.847602655332999,0.00053830084868095,0.27628380865633,1.03785955619138,0.000214010182539465,0.00113598981100995,0.0188893391849458,0.985968021228254,0.124605557252471
"2",30.4375,"CVMB_DTH","cox","base",1,5,NA,NA,NA,NA,6.34057214674998e-06,-0.160761034083457,Inf,-0.000980657594250007,0.00050251111636368,NA,NA,NA
"3",30.4375,"CVMB_DTH","cox","full",0.1,5,1.43419766955186e-05,0.000157606169408679,2.6700150289565e-05,0.561594172803442,0.000480538957296548,-1.28651765108292,Inf,0.000162583538201708,0.00115322501758608,-0.689018101970168,0.971391832794732,0.365242769817349
"4",30.4375,"CVMB_DTH","cox","full",1,5,NA,NA,NA,NA,-5.56523944911484e-05,-Inf,1.68771188159412,-0.0010206085843766,0.000379521485886089,NA,NA,NA
"5",30.4375,"CVMB_DTH","sl","full",0.1,5,7.283176491066e-06,0.000155534794920819,2.98647249350865e-05,0.887328276767563,0.000554511799886946,-2.82638508743159,1.00103798926317,0.000218913536862338,0.00129503142671638,-0.0667815052266384,0.993783858173026,0.113054859702613
"6",30.4375,"CVMB_DTH","sl","full",1,5,NA,NA,NA,NA,-5.18653021003106e-06,-0.117292007803519,2.57761474670903,-0.000886248075636385,0.000485528697653101,NA,NA,NA
"7",60.875,"CVMB_DTH","cox","base",0.1,5,2.80700952360388e-05,0.000157414910878255,5.12322823294452e-05,0.770723899985674,0.000394591873393677,-0.672736414243344,1.10667370472556,0.000111794136117645,0.000772778645519504,-0.824967891778223,0.996789219679336,0.320858156741819
"8",60.875,"CVMB_DTH","cox","base",1,5,NA,NA,NA,NA,-0.00013784465407316,-0.331144635779797,2.71321640289333,-0.00100867409847519,0.00030188686717374,NA,NA,NA
"9",60.875,"CVMB_DTH","cox","full",0.1,5,2.65315421788013e-05,0.000157958076762714,3.21404456146039e-05,0.496477678870278,0.00028422858750006,-2.56791182364782,1.10276135012038,3.24484992602018e-05,0.000616355496424777,-0.858030852834663,0.982847503653694,0.496773293732275
"10",60.875,"CVMB_DTH","cox","full",1,5,NA,NA,NA,NA,-0.000232860269203273,-0.724272511419373,0.487871769513514,-0.000982859449662621,0.000118871551906939,NA,NA,NA
"11",60.875,"CVMB_DTH","sl","full",0.1,5,1.88558770552133e-05,0.000158448302595779,4.67365237300844e-05,0.855045531924271,0.000391502797999175,-0.494730763407394,1.16387957987173,8.99368630789417e-05,0.000759103370981009,-0.89030429528043,0.99929158441851,0.261301116910968
"12",60.875,"CVMB_DTH","sl","full",1,5,NA,NA,NA,NA,-0.000129073975747952,-0.253821808107244,0.933349360143039,-0.00101197670072303,0.000280554480613318,NA,NA,NA
"13",91.3125,"CVMB_DTH","cox","base",0.1,5,2.27806680203458e-05,0.000197861252606409,6.71372551039127e-05,0.999999945996883,0.00039228565310607,0.0167101787449098,1.56012291465891,0.000100242894696424,0.000738383518307372,0.578614680208432,1.42138521178533,0.151771509906525
"14",91.3125,"CVMB_DTH","cox","base",1,5,NA,NA,NA,NA,-0.000138957546796601,-0.224215775593076,Inf,-0.000937237886431966,0.000259225084321584,NA,NA,NA
"15",91.3125,"CVMB_DTH","cox","full",0.1,5,2.05162286982572e-05,0.000196190101322339,5.84958052526799e-05,0.92201378094208,0.000306720977830823,-1.50977998855777,Inf,3.89801203009703e-05,0.000602900855226934,-0.916334791444803,0.999856254244346,0.171027734496973
"16",91.3125,"CVMB_DTH","cox","full",1,5,NA,NA,NA,NA,-0.00021295393587178,-0.401990376349634,1.50082366646664,-0.00103748498455807,0.000178543356693432,NA,NA,NA
"17",91.3125,"CVMB_DTH","sl","full",0.1,5,1.94234568679845e-05,0.000195168444893688,5.85546945286624e-05,0.951028771962219,0.00039359722571273,-0.765948172555483,1.82919763480168,0.000108790920718507,0.000768907205804246,-0.999652921325377,0.99999978129541,0.212390396303511
"18",91.3125,"CVMB_DTH","sl","full",1,5,NA,NA,NA,NA,-0.000147048253430768,-0.326469578441988,4.23492124920585,-0.000953764227542826,0.000286595644741627,NA,NA,NA
"19",121.75,"CVMB_DTH","cox","base",0.1,5,3.45151806024698e-05,0.00019502089448751,6.7593959957222e-05,0.823876742118336,0.000382200457797312,-0.889514825882772,1.13240469356853,8.84043637614715e-05,0.000751574765975118,-0.805874892839662,0.997997228604386,0.264242907737221
"20",121.75,"CVMB_DTH","cox","base",1,5,NA,NA,NA,NA,-0.000147984990079299,-0.400633136697375,1.77489293868306,-0.00106557000048963,0.00027918536929514,NA,NA,NA
"21",121.75,"CVMB_DTH","cox","full",0.1,5,3.81909810626659e-05,0.000199555609631401,5.89253850858521e-05,0.674978674314357,0.000315508711941374,-1.03378538955457,1.08427339875296,2.93459324929735e-05,0.000639798765860527,-0.84406571940234,0.993652250725144,0.402939153637408
"22",121.75,"CVMB_DTH","cox","full",1,5,NA,NA,NA,NA,-0.000178373692349614,-0.497103743122721,1.20487401637504,-0.000892987647531517,0.000206026222973933,NA,NA,NA
"23",121.75,"CVMB_DTH","sl","full",0.1,5,2.10675566678592e-05,0.000193899828817255,5.96505049069653e-05,0.9332936820141,0.000374989592798679,-0.439817217192511,1.41405538364753,7.81336146934719e-05,0.000779351918998579,-0.984858558680689,0.999981836397862,0.191428770826193
"24",121.75,"CVMB_DTH","sl","full",1,5,NA,NA,NA,NA,-0.000158805996032458,-0.358389192177902,0.568898005120355,-0.00108960350495028,0.000306860372887,NA,NA,NA
"25",152.1875,"CVMB_DTH","cox","base",0.1,5,8.14188594714186e-05,0.000197930205166962,2.35722298894677e-05,0.185687266615917,0.000405283576840014,-1.2784129398724,Inf,0.000100116407698963,0.000838503254728887,-0.897449041202922,0.950282501623571,0.572688307940145
"26",152.1875,"CVMB_DTH","cox","base",1,5,8.28498770622268e-06,2.34261768879884e-07,-1.39314577465244e-06,-0.999999813026836,-7.28754849137683e-05,-Inf,-0.566487256450051,-0.000860619085264041,0.000375816800537403,-1758.2520320413,1756.25203241524,632.914379952447
"27",152.1875,"CVMB_DTH","cox","full",0.1,5,9.62172510537681e-05,0.00019885913886493,1.46874858533711e-05,0.10618134241299,0.000369718986264371,-1.38078960263771,0.998693745563837,0.000105056983349382,0.000742068582446462,-0.907717416178708,0.93876809937084,0.577252898036743
"28",152.1875,"CVMB_DTH","cox","full",1,5,1.93845277416724e-05,8.75201423598846e-07,-4.11890303002361e-06,-0.999999879031035,-9.26920120704784e-05,NA,NA,-0.000747271881344125,0.000305474998995048,-503.934943139225,501.934943381163,181.143485357822
"29",152.1875,"CVMB_DTH","sl","full",0.1,5,6.62952134462614e-05,0.00019627013013414,9.29262987779926e-06,0.081464884831018,0.000398114097720668,-1.57856021027017,0.981359083201138,0.000108388172175941,0.000854052987982002,-0.917003830074655,0.939427526492123,0.590880647835558
"30",152.1875,"CVMB_DTH","sl","full",1,5,NA,NA,NA,NA,-9.0904953387375e-05,-2.69050808943282,-0.262849383739605,-0.000776759650978426,0.000374374777806362,NA,NA,NA
"31",182.625,"CVMB_DTH","cox","base",0.1,5,8.47708683705458e-05,0.000318776530539779,0.000101558227330449,0.617801027113306,0.000293457110700023,-0.708905946905617,Inf,7.38136252174562e-05,0.000810546899284087,-0.813448582854379,0.988582638105217,0.413910884260249
"32",182.625,"CVMB_DTH","cox","base",1,5,NA,NA,NA,NA,-0.000181753406064872,-1.34155263422691,Inf,-0.000774458531396976,0.000416659884651083,NA,NA,NA
"33",182.625,"CVMB_DTH","cox","full",0.1,5,7.6773008151321e-05,0.000316706264858044,8.87567438424339e-05,0.569205064007077,0.000278844131093025,-1.08248339866693,1.10637307146647,8.10821990595475e-05,0.000787865975556803,-0.832322471813073,0.986300657654266,0.44848667604056
"34",182.625,"CVMB_DTH","cox","full",1,5,NA,NA,NA,NA,-0.00020804647136453,-0.963120685994283,7.48150434699128,-0.000774115174938635,0.000351125972769784,NA,NA,NA
"35",182.625,"CVMB_DTH","sl","full",0.1,5,8.65816159817298e-05,0.000322077530525886,0.00010865883195553,0.650686767168678,0.000279205475569942,-0.719790052954422,Inf,5.75422358349686e-05,0.000765432059596923,-0.808216597909604,0.990545611656254,0.394246410115927
"36",182.625,"CVMB_DTH","sl","full",1,5,NA,NA,NA,NA,-0.000200006333702791,-1.12019093959174,Inf,-0.000808602341255477,0.000416219023134156,NA,NA,NA
"37",365.25,"CVMB_DTH","cox","base",0.1,5,0.000571610879600157,0.000296767080572313,0.000373295935897767,0.90634836669345,0.000104268331269429,0.700207717407642,1.05037314104015,-2.44963757837583e-05,0.000230267973980647,-0.270637183813041,0.997233204792656,0.114730802582635
"38",365.25,"CVMB_DTH","cox","base",1,5,0.000391776133073534,2.50575757979598e-05,9.90805652629138e-05,0.999999911505029,-0.000251391469881197,NA,NA,-0.000791123885335868,1.71904568786118e-05,-10.6056670282402,12.6056668512502,4.18004552584821
"39",365.25,"CVMB_DTH","cox","full",0.1,5,0.000583541471635036,0.000296435492507634,0.000383804641038759,0.922803553874837,9.45155516774997e-05,0.743594827365768,1.04985292908865,-3.14193892638871e-05,0.00019325504533947,-0.327479362809878,0.998368157946841,0.104121843053543
"40",365.25,"CVMB_DTH","cox","full",1,5,0.000395539319619608,2.60797033744064e-05,0.000101565478145717,0.999999913837549,-0.000261566697511582,NA,NA,-0.000768311869502576,2.55282970595421e-06,-10.135117774429,12.1351176021041,4.01056648569081
"41",365.25,"CVMB_DTH","sl","full",0.1,5,0.000645056725587578,0.000295329643743806,0.00039931248166381,0.914872157734613,0.000113384155541781,0.694012244978428,1.04681607972599,-1.44661221470394e-05,0.000238197477492935,-0.361408272036131,0.998147636737901,0.113614207625843
"42",365.25,"CVMB_DTH","sl","full",1,5,0.000414231588775664,2.42676588610712e-05,0.000100261802113625,0.999999904360662,-0.000256094354947909,NA,NA,-0.000768622675238894,-8.16831888142575e-06,-11.4197111832825,13.4197109920038,4.47324208369621
"43",547.875,"CVMB_DTH","cox","base",0.1,5,0.000960849632667219,0.00032312901203337,0.000515168628049343,0.924557056374083,0.000203169806319017,0.570274291806101,1.03867107412679,0.000114054620714992,0.000317344341669333,-0.426392317628294,0.998764868083634,0.108513013181835
"44",547.875,"CVMB_DTH","cox","base",1,5,0.000618190196341292,2.15430612288421e-05,0.000115402362013371,0.999999846347991,1.07842255596982e-06,NA,NA,-4.62019712059663e-05,4.72137179388545e-05,-10.2466240342891,12.2466237269851,4.05072798290962
"45",547.875,"CVMB_DTH","cox","full",0.1,5,0.0010214260627131,0.000322756012640185,0.000530023131358165,0.923111550731024,0.000227308505191655,0.556473682491068,1.0590322555423,0.000118447791346755,0.000367546914419102,-0.462856256325429,0.99882678588323,0.112404821756764
"46",547.875,"CVMB_DTH","cox","full",1,5,0.000681859294452243,2.46392980233152e-05,0.000129616856058828,0.999999851451106,2.13307249016818e-05,NA,NA,-3.0738501901462e-05,5.02056874802946e-05,-8.90591683666351,10.9059165395657,3.56784172306152
"47",547.875,"CVMB_DTH","sl","full",0.1,5,0.00123260456949055,0.000320751941542367,0.00058319323109915,0.927504319823325,0.000307469668292421,0.578041305335729,1.06271296410399,0.000130720057941726,0.000556143335350802,-0.500459784519943,0.999058532906085,0.110227910857942
"48",547.875,"CVMB_DTH","sl","full",1,5,0.000796458223584393,2.25593359564125e-05,0.00013404313459925,0.999999813333233,9.12041756713797e-05,NA,NA,7.97850326377928e-06,0.000190451071230751,-10.0156197227626,12.0156193494291,3.96752650195513
"49",730.5,"CVMB_DTH","cox","base",0.1,5,0.000582015923671165,0.000242909425639734,0.000340375082198911,0.905249184446553,0.000119931942385245,0.737100998201404,1.02079609474976,3.83267222908762e-05,0.000400648544196118,0.0864276019413149,0.994134909708875,0.0919324780224515
"50",730.5,"CVMB_DTH","cox","base",1,5,0.000177854430931405,4.15618357296093e-06,-2.71881469198789e-05,-0.999999775919591,8.22222824051964e-06,NA,NA,-0.000100786478176594,0.000160725947527327,-84.7005981274062,82.700598575567,30.1466786412562
"51",730.5,"CVMB_DTH","cox","full",0.1,5,0.000589841500820238,0.000242890072995673,0.000343674072410454,0.907975695340293,0.000120375840577359,0.736030380015906,1.01925399295526,3.56962087617307e-05,0.000403923469176051,0.0837794969008886,0.994511711556324,0.0905519640155688
"52",730.5,"CVMB_DTH","cox","full",1,5,0.000170359839628065,4.80988963690365e-06,-2.86253684749623e-05,-0.999999812765587,1.01389968631913e-05,NA,NA,-0.000102662736584917,0.000183685406502961,-76.6016733029736,74.6016736774424,27.2296662191065
"53",730.5,"CVMB_DTH","sl","full",0.1,5,0.000626543711439336,0.000240987392598588,0.000357667760571533,0.920464294231101,0.000141301943807654,0.633450269890871,1.01945789159777,2.54775123763441e-05,0.000551983167331937,-0.0554050918610342,0.996934494932922,0.0906379299760339
"54",730.5,"CVMB_DTH","sl","full",1,5,0.000120373978972994,9.26196986168506e-06,-3.33901182586138e-05,-0.999999924632365,2.44412352571067e-05,NA,NA,-9.78719555853613e-05,0.000301244839778359,-56.5446559522562,54.5446561029915,20.0056741347555
